{"cameraMode":{"drawMode":0,"name":"Shaded","section":"Shading Mode"},"sceneLighting":true,"audioPlay":false,"sceneViewState":{"showFog":true,"showMaterialUpdate":false,"showSkybox":true,"showFlares":true,"showImageEffects":true,"showParticleSystems":true},"in2DMode":false,"pivot":{"x":18.428958892822267,"y":14.980181694030762,"z":1.2927769422531129},"rotation":{"x":0.11984383314847946,"y":-0.6388550996780396,"z":0.1016632691025734,"w":0.7531043887138367},"size":13.483589172363282,"orthographic":false}