{"cameraMode":{"drawMode":0,"name":"Shaded","section":"Shading Mode"},"sceneLighting":true,"audioPlay":false,"sceneViewState":{"showFog":true,"showMaterialUpdate":false,"showSkybox":true,"showFlares":true,"showImageEffects":true,"showParticleSystems":true},"in2DMode":false,"pivot":{"x":9.89070987701416,"y":3.445077419281006,"z":-3.2143917083740236},"rotation":{"x":0.007413153536617756,"y":0.9908767938613892,"z":-0.06132398918271065,"w":0.11978188902139664},"size":28.760133743286134,"orthographic":false}