{"cameraMode":{"drawMode":0,"name":"Shaded","section":"Shading Mode"},"sceneLighting":false,"audioPlay":false,"sceneViewState":{"showFog":true,"showMaterialUpdate":false,"showSkybox":true,"showFlares":true,"showImageEffects":true,"showParticleSystems":true},"in2DMode":false,"pivot":{"x":18.835859298706056,"y":14.897891998291016,"z":6.599999904632568},"rotation":{"x":0.11984383314847946,"y":-0.6388550996780396,"z":0.1016632691025734,"w":0.7531043887138367},"size":4.041658401489258,"orthographic":false}