{"cameraMode":{"drawMode":0,"name":"Shaded","section":"Shading Mode"},"sceneLighting":true,"audioPlay":false,"sceneViewState":{"showFog":true,"showMaterialUpdate":false,"showSkybox":true,"showFlares":true,"showImageEffects":true,"showParticleSystems":true},"in2DMode":false,"pivot":{"x":9.287598609924317,"y":4.426650047302246,"z":2.1365890502929689},"rotation":{"x":0.17013512551784516,"y":-0.06203897297382355,"z":0.010734585113823414,"w":0.9834073185920715},"size":44.344512939453128,"orthographic":false}