{"cameraMode":{"drawMode":0,"name":"Shaded","section":"Shading Mode"},"sceneLighting":true,"audioPlay":false,"sceneViewState":{"showFog":true,"showMaterialUpdate":false,"showSkybox":true,"showFlares":true,"showImageEffects":true,"showParticleSystems":true},"in2DMode":false,"pivot":{"x":0.277782678604126,"y":-0.020601272583007814,"z":3.4193673133850099},"rotation":{"x":-0.15207834541797639,"y":-0.08978861570358277,"z":0.013872768729925156,"w":-0.9841837882995606},"size":10.133049964904786,"orthographic":false}