{"cameraMode":{"drawMode":0,"name":"Shaded","section":"Shading Mode"},"sceneLighting":false,"audioPlay":false,"sceneViewState":{"showFog":true,"showMaterialUpdate":false,"showSkybox":true,"showFlares":true,"showImageEffects":true,"showParticleSystems":true},"in2DMode":false,"pivot":{"x":18.779399871826173,"y":14.971817970275879,"z":3.3966917991638185},"rotation":{"x":0.294129878282547,"y":-0.4477134048938751,"z":0.15878012776374818,"w":0.8293547034263611},"size":2.8578836917877199,"orthographic":false}